{"stats":{"minecraft:picked_up":{"minecraft:dark_oak_planks":4,"regions_unexplored:peat_dirt":3,"minecraft:stick":1,"minecraft:crafting_table":1,"minecraft:bone":4,"minecraft:arrow":2,"regions_unexplored:blackwood_sapling":3,"minecraft:cobblestone":21,"minecraft:dark_oak_log":1,"regions_unexplored:blackwood_log":25},"minecraft:custom":{"minecraft:time_since_rest":9918,"minecraft:sprint_one_cm":577,"minecraft:play_time":9918,"minecraft:damage_taken":135,"minecraft:walk_one_cm":11265,"minecraft:mob_kills":4,"minecraft:jump":10,"minecraft:damage_dealt":725,"minecraft:leave_game":1,"minecraft:time_since_death":9918,"minecraft:open_chest":1,"minecraft:total_world_time":9918,"minecraft:hex":0,"minecraft:interact_with_crafting_table":5,"minecraft:fall_one_cm":960,"minecraft:fly_one_cm":926},"minecraft:killed":{"minecraft:skeleton":4},"minecraft:used":{"minecraft:wooden_axe":32,"minecraft:wooden_sword":26,"minecraft:dark_oak_log":1,"minecraft:crafting_table":2,"regions_unexplored:peat_dirt":2,"minecraft:wooden_pickaxe":22,"minecraft:dark_oak_planks":1},"minecraft:mined":{"minecraft:dark_oak_planks":4,"regions_unexplored:peat_dirt":3,"minecraft:dark_oak_leaves":1,"regions_unexplored:blackwood_log":25,"regions_unexplored:blackwood_leaves":8,"minecraft:stone":21,"minecraft:dark_oak_log":1,"minecraft:crafting_table":1},"minecraft:crafted":{"minecraft:wooden_sword":1,"regions_unexplored:blackwood_planks":20,"minecraft:crafting_table":1,"minecraft:stick":4,"minecraft:wooden_pickaxe":1,"minecraft:wooden_axe":1}},"DataVersion":3465}