{"stats":{"minecraft:killed":{"minecraft:pig":1},"minecraft:picked_up":{"minecraft:porkchop":1},"minecraft:custom":{"minecraft:jump":100,"minecraft:time_since_rest":56111,"minecraft:damage_dealt":100,"minecraft:leave_game":4,"minecraft:sprint_one_cm":6515,"minecraft:play_time":56111,"minecraft:damage_taken":10,"minecraft:time_since_death":56111,"minecraft:walk_one_cm":8922,"minecraft:sneak_time":20,"minecraft:total_world_time":56111,"minecraft:climb_one_cm":95,"minecraft:mob_kills":1,"minecraft:fall_one_cm":990,"minecraft:fly_one_cm":43950}},"DataVersion":3955}