{"stats":{"minecraft:custom":{"minecraft:time_since_rest":32038,"minecraft:sprint_one_cm":106641,"minecraft:damage_absorbed":852,"minecraft:damage_taken":974,"minecraft:walk_one_cm":107923,"minecraft:mob_kills":13,"minecraft:drop":4,"minecraft:damage_dealt":2612,"minecraft:interact_with_crafting_table":2,"minecraft:fly_one_cm":60552,"minecraft:open_chest":47,"minecraft:play_time":32038,"minecraft:crouch_one_cm":249,"minecraft:sneak_time":53,"minecraft:jump":285,"minecraft:leave_game":2,"minecraft:time_since_death":32038,"minecraft:total_world_time":32038,"minecraft:walk_on_water_one_cm":35,"minecraft:damage_resisted":379,"minecraft:hex":0,"minecraft:climb_one_cm":730,"minecraft:fall_one_cm":9291},"minecraft:picked_up":{"minecells:guts":3,"minecells:putrid_sapling":1,"minecraft:crafting_table":1,"minecells:crate":1,"minecells:monster_cell":7,"minecells:infected_flesh":5,"bewitchment:belladonna_seeds":1,"bewitchment:salt":20,"minecraft:oak_log":11,"croptopia:blueberry_seed":2,"minecraft:arrow":2,"minecraft:apple":1,"minecraft:rotten_flesh":16,"minecells:putrid_trapdoor":1,"minecells:explosive_bulb":1,"minecraft:wheat_seeds":1,"croptopia:raspberry_seed":2,"croptopia:raspberry":1,"croptopia:blueberry":1,"minecraft:oak_sapling":5,"minecells:small_crate":2,"minecraft:chest":1,"minecraft:cobblestone":5},"minecraft:dropped":{"minecraft:rotten_flesh":18,"minecraft:cobblestone":5,"minecraft:arrow":2,"minecells:crate":1},"minecraft:crafted":{"minecraft:oak_planks":20,"minecraft:crafting_table":1,"minecraft:iron_axe":1,"minecraft:stick":12,"minecraft:iron_ingot":1,"minecraft:iron_pickaxe":1,"minecraft:iron_sword":1},"minecraft:killed":{"minecells:shieldbearer":2,"minecells:undead_archer":2,"minecells:leaping_zombie":7,"minecells:grenadier":2},"minecraft:used":{"minecraft:apple":1,"minecraft:iron_axe":7,"minecraft:iron_pickaxe":19,"artifacts:eternal_steak":2,"minecraft:iron_sword":58,"aquamirae:divider":8,"minecraft:crafting_table":1,"minecraft:enchanted_golden_apple":6},"minecraft:mined":{"minecells:putrid_trapdoor":1,"minecells:corpse":1,"croptopia:blueberry_crop":1,"regions_unexplored:redwood_leaves":1,"minecells:crate":1,"minecraft:crafting_table":1,"minecraft:grass":2,"minecraft:oak_log":11,"minecells:rotting_corpse":2,"minecraft:chest":1,"bewitchment:salt_ore":12,"croptopia:raspberry_crop":1,"regions_unexplored:medium_grass":1,"minecells:alchemy_equipment_0":2,"minecraft:stone":5,"regions_unexplored:windswept_grass":10,"minecraft:oak_leaves":1,"minecells:alchemy_equipment_1":2,"minecells:alchemy_equipment_2":2,"minecells:small_crate":2}},"DataVersion":3465}