{"stats":{"minecraft:picked_up":{"minecraft:rotten_flesh":2,"minecraft:leather":2,"minecraft:wheat_seeds":1,"minecraft:porkchop":6,"minecraft:beef":6,"minecraft:gunpowder":1,"minecraft:mutton":2,"minecraft:white_wool":1},"minecraft:custom":{"minecraft:time_since_rest":43341,"minecraft:crouch_one_cm":125,"minecraft:play_time":54000,"minecraft:sprint_one_cm":13122,"minecraft:walk_one_cm":43378,"minecraft:damage_taken":350,"minecraft:deaths":1,"minecraft:sneak_time":212,"minecraft:mob_kills":9,"minecraft:drop":1,"minecraft:jump":212,"minecraft:damage_dealt":1309,"minecraft:time_since_death":41628,"minecraft:total_world_time":54000,"minecraft:fall_one_cm":3024,"minecraft:fly_one_cm":36647,"minecraft:player_kills":1},"minecraft:mined":{"minecraft:grass":7,"minecraft:tall_grass":4},"minecraft:killed":{"minecraft:sheep":1,"minecraft:zombie":2,"minecraft:pig":2,"minecraft:creeper":1,"minecraft:cow":3},"minecraft:killed_by":{"minecraft:player":1},"minecraft:dropped":{"minecraft:netherite_sword":1},"minecraft:used":{"minecraft:netherite_sword":12}},"DataVersion":3465}