{"stats":{"minecraft:picked_up":{"minecraft:rotten_flesh":1},"minecraft:custom":{"minecraft:jump":62,"minecraft:time_since_rest":7341,"minecraft:damage_dealt":274,"minecraft:deaths":1,"minecraft:sprint_one_cm":321,"minecraft:play_time":18000,"minecraft:damage_taken":250,"minecraft:time_since_death":5628,"minecraft:walk_one_cm":11939,"minecraft:total_world_time":18000,"minecraft:mob_kills":1,"minecraft:fall_one_cm":685,"minecraft:fly_one_cm":2703,"minecraft:player_kills":1},"minecraft:mined":{"minecraft:grass":4},"minecraft:killed":{"minecraft:zombie":1},"minecraft:killed_by":{"minecraft:player":1}},"DataVersion":3465}