{"stats":{"minecraft:picked_up":{"minecraft:rotten_flesh":1,"minecraft:leather":2,"minecraft:wheat_seeds":1,"minecraft:porkchop":6,"minecraft:beef":6},"minecraft:custom":{"minecraft:time_since_rest":31341,"minecraft:crouch_one_cm":125,"minecraft:play_time":42000,"minecraft:sprint_one_cm":8713,"minecraft:walk_one_cm":28520,"minecraft:damage_taken":250,"minecraft:deaths":1,"minecraft:sneak_time":178,"minecraft:mob_kills":6,"minecraft:drop":1,"minecraft:jump":176,"minecraft:damage_dealt":749,"minecraft:time_since_death":29628,"minecraft:total_world_time":42000,"minecraft:fall_one_cm":2357,"minecraft:fly_one_cm":32305,"minecraft:player_kills":1},"minecraft:mined":{"minecraft:grass":4,"minecraft:tall_grass":4},"minecraft:killed":{"minecraft:zombie":1,"minecraft:pig":2,"minecraft:cow":3},"minecraft:killed_by":{"minecraft:player":1},"minecraft:dropped":{"minecraft:netherite_sword":1},"minecraft:used":{"minecraft:netherite_sword":5}},"DataVersion":3465}