{"stats":{"minecraft:picked_up":{"minecraft:beef":1,"minecraft:netherite_sword":1},"minecraft:custom":{"minecraft:jump":289,"minecraft:time_since_rest":46550,"minecraft:damage_dealt":332,"minecraft:damage_taken":425,"minecraft:leave_game":1,"minecraft:sprint_one_cm":7,"minecraft:play_time":57656,"minecraft:walk_one_cm":55776,"minecraft:time_since_death":46424,"minecraft:deaths":1,"minecraft:sneak_time":3720,"minecraft:total_world_time":57656,"minecraft:fall_one_cm":2949,"minecraft:fly_one_cm":50136,"minecraft:player_kills":1,"minecraft:crouch_one_cm":2213},"minecraft:mined":{"minecraft:grass":1},"minecraft:killed_by":{"minecraft:player":1},"minecraft:used":{"minecraft:netherite_sword":1}},"DataVersion":3465}