{"stats":{"minecraft:picked_up":{"minecraft:beef":1,"minecraft:netherite_sword":1},"minecraft:custom":{"minecraft:jump":259,"minecraft:time_since_rest":34550,"minecraft:damage_dealt":332,"minecraft:damage_taken":425,"minecraft:leave_game":1,"minecraft:sprint_one_cm":7,"minecraft:play_time":45656,"minecraft:walk_one_cm":43172,"minecraft:time_since_death":34424,"minecraft:deaths":1,"minecraft:sneak_time":3197,"minecraft:total_world_time":45656,"minecraft:fall_one_cm":2949,"minecraft:fly_one_cm":10266,"minecraft:player_kills":1,"minecraft:crouch_one_cm":1376},"minecraft:mined":{"minecraft:grass":1},"minecraft:killed_by":{"minecraft:player":1},"minecraft:used":{"minecraft:netherite_sword":1}},"DataVersion":3465}